{
  "metadata": {
    "n_simulations": 20,
    "num_civs": 4,
    "timestamp": "2025-10-12T11:37:33.857481"
  },
  "results": [
    {
      "simulation_id": 0,
      "winner_name": "Epsilon Eridani",
      "total_steps": 214,
      "final_civs": 1,
      "winner_resources": 428.6438626783821,
      "winner_tech": 6493.4820097630645,
      "winner_weapon_investment": 370.97423845562713,
      "winner_search_investment": 1337.778839362505,
      "winner_camo_investment": 7.296333003878831,
      "winner_survival_drive": 0.7,
      "winner_known_civs": 2,
      "total_interactions": 0,
      "total_attacks": 0,
      "total_cooperations": 0,
      "avg_resource_pressure": 0.0019306301430350912,
      "max_resource_pressure": 0.009196187736553292
    },
    {
      "simulation_id": 1,
      "winner_name": "Sol",
      "total_steps": 130,
      "final_civs": 1,
      "winner_resources": 7.462080039695489,
      "winner_tech": 46.015369342358824,
      "winner_weapon_investment": 26.230654864059655,
      "winner_search_investment": 199.60354961069197,
      "winner_camo_investment": 26.644074607862876,
      "winner_survival_drive": 0.7,
      "winner_known_civs": 1,
      "total_interactions": 0,
      "total_attacks": 0,
      "total_cooperations": 0,
      "avg_resource_pressure": 0.0006143702663891047,
      "max_resource_pressure": 0.008
    },
    {
      "simulation_id": 2,
      "winner_name": "Gliese 667",
      "total_steps": 234,
      "final_civs": 1,
      "winner_resources": 627.4475822281546,
      "winner_tech": 10454.226120385374,
      "winner_weapon_investment": 358.44333763407326,
      "winner_search_investment": 1475.3527395446254,
      "winner_camo_investment": 8.061551389623299,
      "winner_survival_drive": 0.7,
      "winner_known_civs": 2,
      "total_interactions": 0,
      "total_attacks": 0,
      "total_cooperations": 0,
      "avg_resource_pressure": 0.002239840270041632,
      "max_resource_pressure": 0.01566761018823218
    },
    {
      "simulation_id": 3,
      "winner_name": "Barnard's Star",
      "total_steps": 232,
      "final_civs": 1,
      "winner_resources": 307.06161886143593,
      "winner_tech": 25426.73380285937,
      "winner_weapon_investment": 966.846340321252,
      "winner_search_investment": 1675.055886723019,
      "winner_camo_investment": 6.004086319817375,
      "winner_survival_drive": 0.7,
      "winner_known_civs": 3,
      "total_interactions": 0,
      "total_attacks": 0,
      "total_cooperations": 0,
      "avg_resource_pressure": 0.002676749007294321,
      "max_resource_pressure": 0.025666784832376433
    },
    {
      "simulation_id": 4,
      "winner_name": "Tau Ceti",
      "total_steps": 313,
      "final_civs": 1,
      "winner_resources": 334.6379054801875,
      "winner_tech": 6620.55484943178,
      "winner_weapon_investment": 118.34526061970018,
      "winner_search_investment": 1097.0170740398717,
      "winner_camo_investment": 7.210093654703174,
      "winner_survival_drive": 0.7,
      "winner_known_civs": 0,
      "total_interactions": 0,
      "total_attacks": 0,
      "total_cooperations": 0,
      "avg_resource_pressure": 0.0011200668848450463,
      "max_resource_pressure": 0.010007580531727652
    },
    {
      "simulation_id": 5,
      "winner_name": "Gliese 667",
      "total_steps": 313,
      "final_civs": 1,
      "winner_resources": 230.10529506778374,
      "winner_tech": 2503.406954306353,
      "winner_weapon_investment": 192.63127672825343,
      "winner_search_investment": 718.3766885748073,
      "winner_camo_investment": 8.69842115293767,
      "winner_survival_drive": 0.7,
      "winner_known_civs": 1,
      "total_interactions": 0,
      "total_attacks": 0,
      "total_cooperations": 0,
      "avg_resource_pressure": 0.00486912469103964,
      "max_resource_pressure": 0.1072406027799737
    },
    {
      "simulation_id": 6,
      "winner_name": "Xylos",
      "total_steps": 326,
      "final_civs": 1,
      "winner_resources": 468.4972559710641,
      "winner_tech": 7273.630091980991,
      "winner_weapon_investment": 412.3074863683888,
      "winner_search_investment": 1163.38647429463,
      "winner_camo_investment": 9.5620619234105,
      "winner_survival_drive": 0.7,
      "winner_known_civs": 2,
      "total_interactions": 0,
      "total_attacks": 0,
      "total_cooperations": 0,
      "avg_resource_pressure": 0.002411328709553423,
      "max_resource_pressure": 0.014708395435308585
    },
    {
      "simulation_id": 7,
      "winner_name": "Alpha Centauri",
      "total_steps": 309,
      "final_civs": 1,
      "winner_resources": 810.0044842306138,
      "winner_tech": 14233.028657419109,
      "winner_weapon_investment": 396.0674779252719,
      "winner_search_investment": 1561.340837289999,
      "winner_camo_investment": 21.647761700047848,
      "winner_survival_drive": 0.7,
      "winner_known_civs": 1,
      "total_interactions": 0,
      "total_attacks": 0,
      "total_cooperations": 0,
      "avg_resource_pressure": 0.0025615354666960392,
      "max_resource_pressure": 0.022927337320247133
    },
    {
      "simulation_id": 8,
      "winner_name": null,
      "total_steps": 287,
      "final_civs": 0,
      "winner_resources": 0.0,
      "winner_tech": 0.0,
      "winner_weapon_investment": 0.0,
      "winner_search_investment": 0.0,
      "winner_camo_investment": 0.0,
      "winner_survival_drive": 0.0,
      "winner_known_civs": 0,
      "total_interactions": 0,
      "total_attacks": 0,
      "total_cooperations": 0,
      "avg_resource_pressure": 0.0025376978045526595,
      "max_resource_pressure": 0.020278057924121067
    },
    {
      "simulation_id": 9,
      "winner_name": "Epsilon Eridani",
      "total_steps": 257,
      "final_civs": 1,
      "winner_resources": 1557.8802052130302,
      "winner_tech": 29072.182906312733,
      "winner_weapon_investment": 800.0250687210565,
      "winner_search_investment": 1837.2120533007424,
      "winner_camo_investment": 23.976672402613765,
      "winner_survival_drive": 0.7,
      "winner_known_civs": 1,
      "total_interactions": 0,
      "total_attacks": 0,
      "total_cooperations": 0,
      "avg_resource_pressure": 0.0030784887495181813,
      "max_resource_pressure": 0.02888193345444178
    },
    {
      "simulation_id": 10,
      "winner_name": "Alpha Centauri",
      "total_steps": 230,
      "final_civs": 1,
      "winner_resources": 252.94044008587755,
      "winner_tech": 2961.385153904233,
      "winner_weapon_investment": 104.21948857039177,
      "winner_search_investment": 819.3085219950462,
      "winner_camo_investment": 5.073580223200814,
      "winner_survival_drive": 0.7,
      "winner_known_civs": 1,
      "total_interactions": 0,
      "total_attacks": 0,
      "total_cooperations": 0,
      "avg_resource_pressure": 0.0008680060775852111,
      "max_resource_pressure": 0.008
    },
    {
      "simulation_id": 11,
      "winner_name": "Xylos",
      "total_steps": 234,
      "final_civs": 1,
      "winner_resources": 537.4864215334972,
      "winner_tech": 8654.103294885279,
      "winner_weapon_investment": 423.40794273241164,
      "winner_search_investment": 870.8645995320676,
      "winner_camo_investment": 4.336538591336311,
      "winner_survival_drive": 0.7,
      "winner_known_civs": 2,
      "total_interactions": 0,
      "total_attacks": 0,
      "total_cooperations": 0,
      "avg_resource_pressure": 0.001345615189983601,
      "max_resource_pressure": 0.01014703332533998
    },
    {
      "simulation_id": 12,
      "winner_name": "Tau Ceti",
      "total_steps": 235,
      "final_civs": 1,
      "winner_resources": 472.78327651038717,
      "winner_tech": 7363.463529037623,
      "winner_weapon_investment": 283.64275988564805,
      "winner_search_investment": 1328.3716151397668,
      "winner_camo_investment": 6.280278262367376,
      "winner_survival_drive": 0.7,
      "winner_known_civs": 2,
      "total_interactions": 0,